{"dist_gap_mean": 0.07376038526813272, "dist_gap_std": 0.09615210747499901, "time_gap_mean": 14.697889869263546, "time_gap_std": 12.648066036526012, "lngs_std": 0.049911772811582086, "lngs_mean": 104.05961866728258, "lats_mean": 30.650880633601403, "dist_std": 4.421345652105827, "dist_mean": 4.844858866204239, "lats_std": 0.0421739257860276, "time_mean": 965.4125556521739, "time_std": 809.3964757753357, "train_set": ["train_0", "train_1", "train_2", "train_3", "train_4", "train_5", "train_6", "train_7", "train_8", "train_9"],"sample_output" : ["TTE_input"], "eval_set": ["train_10"], "test_set": ["test"], "n_GPS": 75536315, "n_polyline": 1150000}